still_id,url,prompt_summary
8ec708fb-d76e-4d97-9d9b-5b383b81fd84,,PERF_hook source still (performance)
cc086511-79ec-45bf-a30e-4a9a6162a165,,HER_rain source still (memory)
34d4834c-7642-4c0d-bac7-a71253b6b42c,,MEM_touch source still (memory)
4f9ced4d-3088-44e7-87b7-be0733dace63,,RAIN_plate source still (atmosphere)
da50c7fb-6dd0-4206-89ba-6f8aed9201ca,,PERF_window source still (performance)
fbafd3d8-25bf-4897-9623-d4b2b66dbb46,,PERF_lookup source still (performance)
9ad1f910-cb76-4147-bfca-4cd6dc993517,,PERF_profile source still (performance)
7b01562e-f54c-424b-a595-3a97a2560a80,,PERF_outside source still (performance)
87a1127e-75bc-4b99-9ef4-d0c0f675385a,,MEM_turn source still (memory)
69945582-aa85-49b1-8dc6-e0647a8dd097,,MEM_water source still (memory)
0b81d636-6f69-49af-96f1-3dbd25ff3c2b,,MEM_mirror source still (memory)
3d9b91a2-c103-4b25-af0f-bf5c44d79c82,,ATM_window source still (atmosphere)
5817aff1-58fa-4041-baa8-cac21a6a8d5b,,PERF_reach source still (performance)
baf490f4-6b28-4ca4-8ac4-703114f5f5e7,,PERF_listen source still (performance)
19fcd10c-1b70-4db6-8408-181c6fb4e223,,MEM_whisper source still (memory)
8eb65e91-a1c0-4cb3-94ae-af0475ee7d47,,MEM_clouds source still (memory)
8ff9ac5c-433a-4568-a477-c15f94ab0dc4,,MEM_dissolve source still (memory)
3f2d3d56-21b0-41d3-a2e2-5f0e94cae255,,MEM_happy source still (memory)
6115d9f2-81f9-476d-b362-3102c0b82469,,ATM_river source still (atmosphere)
da7397e5-2d89-4caf-ae3a-034d4b617047,,ATM_trees source still (atmosphere)
b01eca3e-87cf-42d4-bfe9-75d5b4f5604d,,ATM_lightning source still (atmosphere)
e6317048-f7ea-432e-a930-55aad1d5726d,,ATM_drawer source still (atmosphere)
19db54bd-3fc5-4493-8d5d-5d4fd63438ea,,ATM_flood source still (atmosphere)
3c58a873-1dd1-4fb4-ad4a-d57c1d9bdf20,,ATM_drop source still (atmosphere)
